config,scene,n_pred,iou_f1,recall@0.5,scan2cad,centroid_m,rot_deg,scale_err,chamfer_m,footprint_iou,cd_f1@1m,cd_micro_f1,class_free@1m
asset_icp_gt,137,78.0,0.4607,0.15,0.05,0.0638,5.1636,0.403,0.227,0.3791,0.6629,0.382,1.0
asset_icp_gt,200,72.0,0.5455,0.2688,0.1505,0.0454,3.5905,0.233,0.0998,0.4199,0.7273,0.3879,1.0
asset_icp_gt,428,70.0,0.5276,0.2151,0.0538,0.0631,10.4252,0.3008,0.286,0.3608,0.7485,0.4908,0.9892
asset_icp_gt,434,47.0,0.464,0.141,0.0256,0.0755,6.2909,0.3692,0.2456,0.3434,0.592,0.416,0.9103
asset_icp_gt,534,91.0,0.4873,0.2453,0.1321,0.0546,6.8852,0.324,0.1213,0.3845,0.7208,0.4467,1.0
asset_icp_gt,569,16.0,0.6061,0.4118,0.2353,0.0601,5.6716,0.2554,0.0773,0.6474,0.7879,0.5455,1.0
asset_icp_gt,573,257.0,0.3837,0.2581,0.1075,0.0795,5.7694,0.3021,0.2734,0.2185,0.6275,0.316,0.9785
asset_icp_gt,683,8.0,0.5882,0.2222,0.0,0.1036,5.8354,0.2783,0.1174,0.6007,0.9412,0.5882,1.0
asset_icp_gt,771,37.0,0.3455,0.1507,0.0411,0.0368,10.5165,0.2875,0.1288,0.3124,0.6182,0.2909,0.9863
asset_icp_gt,912,59.0,0.4409,0.1765,0.0882,0.0748,7.7638,0.4374,0.1832,0.3518,0.6299,0.3622,1.0
asset_layout_gt,137,78.0,0.3483,0.09,0.04,0.062,6.6459,0.364,0.2348,0.3725,0.6517,0.382,1.0
asset_layout_gt,200,72.0,0.4727,0.1828,0.1398,0.0622,8.136,0.2171,0.108,0.4026,0.7394,0.3879,1.0
asset_layout_gt,428,70.0,0.4785,0.1828,0.0538,0.0527,12.3553,0.3175,0.2904,0.3547,0.7607,0.4908,0.9892
asset_layout_gt,434,47.0,0.368,0.0897,0.0385,0.1348,10.5133,0.4959,0.2516,0.335,0.592,0.416,0.9103
asset_layout_gt,534,91.0,0.4264,0.1981,0.1038,0.082,10.8391,0.2906,0.1263,0.3798,0.7208,0.4467,1.0
asset_layout_gt,569,16.0,0.4848,0.2353,0.1765,0.1037,12.2691,0.256,0.0856,0.6299,0.7879,0.5455,1.0
asset_layout_gt,573,257.0,0.3386,0.1828,0.086,0.0947,7.7141,0.3071,0.2786,0.2144,0.623,0.316,0.9731
asset_layout_gt,683,8.0,0.4706,0.1111,0.0,0.1148,7.6877,0.2729,0.1236,0.5261,0.9412,0.5882,1.0
asset_layout_gt,771,37.0,0.3091,0.1096,0.0411,0.0553,8.7229,0.3262,0.1324,0.3079,0.6182,0.2909,0.9863
asset_layout_gt,912,59.0,0.3465,0.0882,0.0735,0.092,12.0185,0.3395,0.1884,0.3466,0.6299,0.3622,1.0
asset_scaleicp_gt,137,78.0,0.4494,0.08,0.04,0.0564,5.1731,0.3968,0.2368,0.3747,0.6629,0.382,1.0
asset_scaleicp_gt,200,72.0,0.5091,0.2473,0.043,0.0478,3.9985,0.3156,0.0927,0.5257,0.7394,0.3879,1.0
asset_scaleicp_gt,428,70.0,0.4785,0.2473,0.0323,0.0387,11.2165,0.2996,0.2848,0.3968,0.7607,0.4908,0.9892
asset_scaleicp_gt,434,47.0,0.4,0.1282,0.0128,0.0765,6.8891,0.4113,0.2323,0.3571,0.592,0.416,0.9103
asset_scaleicp_gt,534,91.0,0.4569,0.2075,0.1038,0.0585,6.1059,0.2691,0.1217,0.4717,0.7208,0.4467,1.0
asset_scaleicp_gt,569,16.0,0.6667,0.4118,0.0588,0.08,4.254,0.2857,0.0695,0.5468,0.7879,0.5455,1.0
asset_scaleicp_gt,573,257.0,0.3386,0.1882,0.0645,0.0763,5.0295,0.2916,0.274,0.2547,0.6275,0.316,0.9785
asset_scaleicp_gt,683,8.0,0.4706,0.2222,0.0,0.1024,6.2901,0.3595,0.1286,0.5091,0.9412,0.5882,1.0
asset_scaleicp_gt,771,37.0,0.3273,0.0685,0.0137,0.0475,8.4088,0.3863,0.1382,0.3517,0.6182,0.2909,0.9726
asset_scaleicp_gt,912,59.0,0.3937,0.1029,0.0588,0.079,5.8861,0.3355,0.1823,0.3376,0.6299,0.3622,1.0
asset_silhouette_gt,200,72.0,0.4121,0.129,0.0753,0.0459,3.0471,0.4265,0.1005,0.4678,0.7394,0.3879,1.0
asset_silscaleicp_gt,137,78.0,0.4607,0.21,0.13,0.055,4.8379,0.2547,0.2279,0.3909,0.6629,0.382,1.0
asset_silscaleicp_gt,200,72.0,0.5455,0.2903,0.2151,0.0444,3.7376,0.2086,0.1013,0.4937,0.7394,0.3879,1.0
asset_silscaleicp_gt,428,70.0,0.5399,0.2581,0.172,0.0608,9.4314,0.2742,0.2848,0.3705,0.7485,0.4908,0.9892
asset_silscaleicp_gt,434,47.0,0.448,0.1795,0.0769,0.071,4.3105,0.2749,0.2453,0.4005,0.592,0.416,0.9103
asset_silscaleicp_gt,534,91.0,0.4873,0.2358,0.1038,0.0651,7.7651,0.3172,0.1188,0.4211,0.7208,0.4467,1.0
asset_silscaleicp_gt,569,16.0,0.6061,0.4706,0.2941,0.0535,3.46,0.2073,0.0667,0.7327,0.7879,0.5455,1.0
asset_silscaleicp_gt,573,257.0,0.3702,0.2742,0.0914,0.0746,5.0938,0.294,0.2699,0.2223,0.623,0.316,0.9785
asset_silscaleicp_gt,683,8.0,0.5882,0.1111,0.1111,0.1057,7.6562,0.3793,0.1532,0.5697,0.9412,0.5882,1.0
asset_silscaleicp_gt,771,37.0,0.3455,0.1233,0.0411,0.0485,4.6556,0.2874,0.1386,0.3154,0.6182,0.2909,0.9863
asset_silscaleicp_gt,912,59.0,0.4252,0.1618,0.2059,0.0727,9.9269,0.1934,0.1724,0.427,0.6299,0.3622,1.0
cluster_gt,137,78.0,0.3258,0.21,0.12,0.0468,0.7441,0.2602,0.2668,0.3487,0.6404,0.3596,1.0
cluster_gt,200,73.0,0.3855,0.2043,0.0968,0.0778,0.2333,0.3108,0.1202,0.4643,0.7229,0.3976,1.0
cluster_gt,428,70.0,0.4049,0.2043,0.129,0.0364,1.4885,0.3656,0.1384,0.3339,0.7362,0.4663,0.9892
cluster_gt,434,47.0,0.448,0.2179,0.0897,0.0443,1.5459,0.263,0.2409,0.4034,0.608,0.432,0.9103
cluster_gt,534,91.0,0.3553,0.1887,0.0849,0.0512,1.5081,0.3699,0.116,0.4077,0.6904,0.4162,1.0
cluster_gt,569,16.0,0.6061,0.3529,0.0588,0.1148,0.3884,0.4687,0.073,0.7764,0.7879,0.5455,1.0
cluster_gt,573,257.0,0.307,0.2581,0.1774,0.0331,0.5694,0.1716,0.2555,0.2708,0.6456,0.3205,0.9892
cluster_gt,683,8.0,0.5882,0.3333,0.3333,0.0213,0.8952,0.12,0.1052,0.7358,0.8235,0.5882,1.0
cluster_gt,771,37.0,0.3455,0.2055,0.0685,0.0323,4.7513,0.2545,0.1174,0.4003,0.6182,0.3091,0.9589
cluster_gt,912,59.0,0.2835,0.1176,0.0735,0.0365,0.0116,0.4752,0.1412,0.3185,0.5827,0.3307,1.0
fe_oracle_icp,200,83.0,0.75,0.3333,0.1613,0.0436,6.046,0.2921,0.0436,0.6286,0.9432,0.9432,1.0
fe_oracle_scaleicp,200,83.0,0.6023,0.4516,0.3226,0.0238,5.8794,0.074,0.0447,0.6678,0.9432,0.9432,1.0
fe_sam3_icp_gate,200,81.0,0.4598,0.2043,0.1398,0.0572,4.9639,0.2772,0.087,0.5899,0.8161,0.5287,1.0
fe_sam3_icp,200,116.0,0.4498,0.2473,0.1398,0.0554,5.0044,0.2809,0.2436,0.3136,0.7464,0.5167,1.0
fe_sam3_scale_icp_gate,200,81.0,0.3908,0.1828,0.0645,0.0414,5.6879,0.3805,0.0891,0.5809,0.8161,0.5287,1.0
fe_sam3_scale_icp,200,116.0,0.3923,0.2043,0.0645,0.0513,5.7436,0.4161,0.2405,0.3512,0.7464,0.5167,1.0
fe_yoloe_icp_gate,200,43.0,0.4412,0.1613,0.086,0.094,7.1611,0.3085,0.1266,0.5617,0.5882,0.2941,0.9462
fe_yoloe_icp,200,68.0,0.5217,0.2258,0.1505,0.0665,7.7353,0.2896,0.1022,0.4454,0.7578,0.3851,1.0
fe_yoloe_scale_icp_gate,200,43.0,0.3824,0.1935,0.043,0.0552,5.0992,0.3151,0.1253,0.515,0.5882,0.2941,0.9355
fe_yoloe_scale_icp,200,68.0,0.472,0.2366,0.0538,0.0487,5.0992,0.3151,0.0933,0.5113,0.7578,0.3851,1.0
oracle_icp_gt,137,87.0,0.7807,0.28,0.13,0.0357,4.8325,0.3368,0.0342,0.6236,0.9305,0.9305,1.0
oracle_icp_gt,200,83.0,0.75,0.3763,0.1505,0.0401,5.8317,0.2882,0.0436,0.6232,0.9432,0.9432,1.0
oracle_icp_gt,428,83.0,0.8182,0.4731,0.1613,0.0414,5.6461,0.2612,0.052,0.6254,0.9318,0.9318,1.0
oracle_icp_gt,434,69.0,0.8027,0.3205,0.1538,0.0508,4.5956,0.3312,0.0514,0.4723,0.9388,0.9388,1.0
oracle_icp_gt,534,93.0,0.7839,0.3868,0.217,0.0364,7.798,0.2838,0.0393,0.5442,0.9347,0.9347,1.0
oracle_icp_gt,569,16.0,0.7879,0.2353,0.1176,0.078,6.4676,0.5094,0.0753,0.5996,0.9697,0.9697,1.0
oracle_icp_gt,573,177.0,0.7383,0.4247,0.1935,0.0491,5.3298,0.275,0.048,0.6085,0.9752,0.9752,1.0
oracle_icp_gt,683,9.0,0.7778,0.2222,0.0,0.059,5.9894,0.306,0.0382,0.7661,1.0,1.0,1.0
oracle_icp_gt,771,62.0,0.5037,0.2466,0.1096,0.0474,5.9078,0.2595,0.0641,0.5128,0.9185,0.9185,0.9863
oracle_icp_gt,912,65.0,0.6917,0.3088,0.1176,0.0301,9.7208,0.3506,0.0482,0.5897,0.9774,0.9774,1.0
oracle_layout_gt,137,87.0,0.5882,0.21,0.1,0.0604,10.1941,0.315,0.0439,0.5952,0.9305,0.9305,1.0
oracle_layout_gt,200,83.0,0.6591,0.3333,0.172,0.0513,10.3907,0.2701,0.0495,0.6147,0.9432,0.9432,1.0
oracle_layout_gt,428,83.0,0.6932,0.3871,0.1828,0.0421,11.9211,0.2535,0.0593,0.6094,0.9318,0.9318,1.0
oracle_layout_gt,434,69.0,0.6667,0.2564,0.1154,0.0531,7.4605,0.3101,0.0556,0.4629,0.9388,0.9388,1.0
oracle_layout_gt,534,93.0,0.6533,0.3019,0.1887,0.0512,10.808,0.2735,0.0467,0.5249,0.9347,0.9347,1.0
oracle_layout_gt,569,16.0,0.5455,0.1176,0.0588,0.1194,5.7944,0.2644,0.0829,0.5792,0.9697,0.9697,1.0
oracle_layout_gt,573,177.0,0.6667,0.3065,0.1452,0.0647,9.8838,0.2734,0.055,0.5892,0.9752,0.9752,1.0
oracle_layout_gt,683,9.0,0.6667,0.2222,0.0,0.0677,11.4653,0.3206,0.0454,0.6984,1.0,1.0,1.0
oracle_layout_gt,771,62.0,0.5037,0.2055,0.1096,0.0637,7.0382,0.2647,0.0657,0.5064,0.9185,0.9185,0.9863
oracle_layout_gt,912,65.0,0.5865,0.2941,0.0882,0.0587,9.113,0.3229,0.0549,0.5626,0.9774,0.9774,1.0
oracle_scaleicp_gt,137,87.0,0.6952,0.41,0.36,0.0225,3.79,0.1342,0.0335,0.7182,0.9305,0.9305,1.0
oracle_scaleicp_gt,200,83.0,0.625,0.4516,0.3441,0.0254,5.509,0.0857,0.0442,0.6695,0.9432,0.9432,1.0
oracle_scaleicp_gt,428,83.0,0.7159,0.4839,0.3333,0.0226,3.9667,0.0865,0.0519,0.6583,0.9318,0.9318,1.0
oracle_scaleicp_gt,434,69.0,0.6531,0.4103,0.2949,0.032,4.0519,0.1329,0.0489,0.5641,0.9388,0.9388,1.0
oracle_scaleicp_gt,534,93.0,0.6734,0.3679,0.3208,0.029,7.6637,0.1448,0.0434,0.5792,0.9347,0.9347,1.0
oracle_scaleicp_gt,569,16.0,0.7879,0.4706,0.4706,0.0549,5.2819,0.0505,0.0672,0.7169,0.9697,0.9697,1.0
oracle_scaleicp_gt,573,177.0,0.6887,0.5054,0.4086,0.0347,5.0922,0.1038,0.0474,0.6567,0.9752,0.9752,1.0
oracle_scaleicp_gt,683,9.0,0.7778,0.3333,0.2222,0.047,4.1494,0.2948,0.0354,0.8502,1.0,1.0,1.0
oracle_scaleicp_gt,771,62.0,0.5778,0.2877,0.2603,0.043,3.9687,0.1244,0.0582,0.5125,0.9185,0.9185,0.9863
oracle_scaleicp_gt,912,65.0,0.6466,0.4265,0.2647,0.0245,5.3749,0.1445,0.0527,0.6683,0.9774,0.9774,1.0
